employee_id,login_hour,file_name,file_sensitivity,action,location,device,files_accessed,is_anomaly
EMP003,12,employee_handbook.pdf,LOW,UPLOAD,Office,Managed,3,0
EMP474,11,employee_handbook.pdf,LOW,READ,Office,Managed,28,0
EMP362,12,payroll.xlsx,CRITICAL,UPLOAD,Office,Managed,11,0
EMP125,9,payroll.xlsx,CRITICAL,WRITE,Office,Managed,26,0
EMP349,18,payroll.xlsx,CRITICAL,DOWNLOAD,Office,Managed,8,0
EMP327,12,team_notes.docx,LOW,SHARE,Office,Managed,26,0
EMP138,10,salary.xlsx,CRITICAL,EXPORT,Office,Personal,16,0
EMP050,15,project_plan.xlsx,MEDIUM,READ,Office,Managed,25,0
EMP161,10,finance_report.xlsx,HIGH,READ,Office,Managed,22,0
EMP376,16,team_notes.docx,LOW,WRITE,Office,Managed,14,0
EMP354,11,project_plan.xlsx,MEDIUM,READ,Office,Managed,12,0
EMP415,15,employee_handbook.pdf,LOW,READ,Remote,Personal,6,0
EMP108,18,project_plan.xlsx,MEDIUM,READ,Office,Managed,29,0
EMP067,17,finance_report.xlsx,HIGH,WRITE,Office,Managed,21,0
EMP010,11,finance_report.xlsx,HIGH,READ,VPN,Managed,1,0
EMP260,18,employee_handbook.pdf,LOW,READ,Remote,Managed,4,0
EMP242,9,payroll.xlsx,CRITICAL,WRITE,Office,Personal,30,0
EMP410,16,employee_handbook.pdf,LOW,READ,Office,Managed,9,0
EMP230,9,salary.xlsx,CRITICAL,DOWNLOAD,Office,Managed,16,0
EMP066,8,salary.xlsx,CRITICAL,READ,Office,Personal,2,0
EMP048,12,employee_handbook.pdf,LOW,READ,Remote,Managed,25,0
EMP116,12,project_plan.xlsx,MEDIUM,WRITE,Office,Managed,4,0
EMP403,18,project_plan.xlsx,MEDIUM,READ,Office,Managed,15,0
EMP180,17,team_notes.docx,LOW,DOWNLOAD,Remote,Managed,15,0
EMP440,17,finance_report.xlsx,HIGH,READ,Office,Managed,29,0
EMP482,14,salary.xlsx,CRITICAL,READ,Office,Managed,3,0
EMP264,16,project_plan.xlsx,MEDIUM,READ,Office,Managed,7,0
EMP179,12,team_notes.docx,LOW,READ,Remote,Managed,12,0
EMP294,16,salary.xlsx,CRITICAL,READ,Office,Managed,30,0
EMP207,10,project_plan.xlsx,MEDIUM,WRITE,Office,Managed,13,0
EMP133,14,project_plan.xlsx,MEDIUM,READ,Remote,Managed,19,0
EMP443,16,finance_report.xlsx,HIGH,DOWNLOAD,Office,Managed,15,0
EMP328,15,team_notes.docx,LOW,READ,Office,Managed,26,0
EMP163,5,finance_report.xlsx,HIGH,DOWNLOAD,VPN,Personal,489,1
EMP216,18,project_plan.xlsx,MEDIUM,READ,Office,Managed,23,0
EMP084,12,project_plan.xlsx,MEDIUM,WRITE,Office,Managed,13,0
EMP339,12,team_notes.docx,LOW,EXPORT,Remote,Managed,6,0
EMP279,15,finance_report.xlsx,HIGH,READ,Office,Managed,9,0
EMP244,1,salary.xlsx,CRITICAL,DOWNLOAD,VPN,Managed,363,1
EMP047,10,team_notes.docx,LOW,READ,Office,Managed,26,0
EMP153,18,payroll.xlsx,CRITICAL,READ,Office,Managed,6,0
EMP271,8,payroll.xlsx,CRITICAL,WRITE,Office,Personal,4,0
EMP352,11,payroll.xlsx,CRITICAL,READ,Office,Managed,10,0
EMP163,16,team_notes.docx,LOW,WRITE,Remote,Managed,15,0
EMP490,12,payroll.xlsx,CRITICAL,READ,Remote,Managed,10,0
EMP014,13,team_notes.docx,LOW,WRITE,Office,Managed,9,0
EMP205,14,finance_report.xlsx,HIGH,WRITE,Office,Managed,9,0
EMP151,13,employee_handbook.pdf,LOW,READ,Office,Managed,19,0
EMP379,15,payroll.xlsx,CRITICAL,READ,Remote,Managed,5,0
EMP007,8,employee_handbook.pdf,LOW,DOWNLOAD,VPN,Managed,27,0
EMP124,11,employee_handbook.pdf,LOW,READ,Office,Managed,22,0
EMP354,12,finance_report.xlsx,HIGH,READ,Office,Personal,28,0
EMP359,12,finance_report.xlsx,HIGH,WRITE,Office,Managed,24,0
EMP315,18,salary.xlsx,CRITICAL,WRITE,Office,Personal,1,0
EMP022,8,employee_handbook.pdf,LOW,WRITE,Office,Managed,3,0
EMP016,18,project_plan.xlsx,MEDIUM,READ,VPN,Managed,12,0
EMP429,17,team_notes.docx,LOW,READ,Remote,Managed,3,0
EMP436,13,project_plan.xlsx,MEDIUM,UPLOAD,Office,Managed,11,0
EMP071,12,salary.xlsx,CRITICAL,READ,Office,Managed,30,0
EMP184,12,finance_report.xlsx,HIGH,READ,Office,Managed,3,0
EMP056,10,salary.xlsx,CRITICAL,READ,Office,Managed,4,0
EMP045,9,employee_handbook.pdf,LOW,READ,Remote,Managed,19,0
EMP172,14,finance_report.xlsx,HIGH,DOWNLOAD,Remote,Personal,5,0
EMP241,11,finance_report.xlsx,HIGH,EXPORT,Office,Managed,9,0
EMP296,9,payroll.xlsx,CRITICAL,WRITE,Office,Managed,19,0
EMP273,9,salary.xlsx,CRITICAL,READ,Remote,Managed,1,0
EMP122,15,team_notes.docx,LOW,READ,Office,Managed,26,0
EMP016,11,salary.xlsx,CRITICAL,READ,Office,Managed,6,0
EMP262,16,team_notes.docx,LOW,WRITE,Office,Managed,12,0
EMP309,13,team_notes.docx,LOW,UPLOAD,VPN,Managed,19,0
EMP165,12,project_plan.xlsx,MEDIUM,WRITE,Remote,Managed,19,0
EMP208,8,finance_report.xlsx,HIGH,WRITE,Remote,Managed,13,0
EMP236,13,employee_handbook.pdf,LOW,READ,Office,Managed,8,0
EMP147,11,salary.xlsx,CRITICAL,READ,Office,Managed,8,0
EMP146,15,salary.xlsx,CRITICAL,READ,Office,Personal,9,0
EMP316,4,payroll.xlsx,CRITICAL,DOWNLOAD,VPN,Managed,303,1
EMP198,9,finance_report.xlsx,HIGH,READ,Office,Managed,29,0
EMP118,9,team_notes.docx,LOW,READ,Office,Managed,6,0
EMP489,16,salary.xlsx,CRITICAL,UPLOAD,Office,Managed,4,0
EMP334,11,salary.xlsx,CRITICAL,READ,Office,Managed,2,0
EMP012,9,employee_handbook.pdf,LOW,READ,Office,Managed,3,0
EMP139,12,finance_report.xlsx,HIGH,READ,Office,Managed,4,0
EMP395,15,finance_report.xlsx,HIGH,READ,VPN,Managed,24,0
EMP433,16,finance_report.xlsx,HIGH,SHARE,Remote,Managed,21,0
EMP125,10,project_plan.xlsx,MEDIUM,WRITE,Office,Managed,18,0
EMP291,17,team_notes.docx,LOW,WRITE,VPN,Managed,4,0
EMP441,2,salary.xlsx,CRITICAL,UPLOAD,VPN,Personal,351,1
EMP125,8,employee_handbook.pdf,LOW,READ,Office,Managed,17,0
EMP024,18,employee_handbook.pdf,LOW,READ,Office,Managed,8,0
EMP177,8,project_plan.xlsx,MEDIUM,READ,Office,Managed,20,0
EMP084,17,employee_handbook.pdf,LOW,WRITE,Office,Managed,8,0
EMP328,17,salary.xlsx,CRITICAL,READ,VPN,Managed,30,0
EMP452,14,team_notes.docx,LOW,READ,Remote,Managed,30,0
EMP120,12,payroll.xlsx,CRITICAL,WRITE,Office,Managed,30,0
EMP113,5,payroll.xlsx,CRITICAL,DOWNLOAD,VPN,Personal,197,1
EMP296,17,team_notes.docx,LOW,WRITE,Office,Personal,10,0
EMP013,14,employee_handbook.pdf,LOW,READ,Office,Managed,25,0
EMP019,15,salary.xlsx,CRITICAL,READ,Office,Managed,25,0
EMP165,17,project_plan.xlsx,MEDIUM,EXPORT,Office,Managed,13,0
EMP221,13,payroll.xlsx,CRITICAL,WRITE,Office,Managed,25,0
EMP241,18,salary.xlsx,CRITICAL,READ,Remote,Managed,5,0
EMP034,12,team_notes.docx,LOW,WRITE,Office,Managed,17,0
EMP110,11,payroll.xlsx,CRITICAL,READ,Remote,Managed,19,0
EMP160,10,project_plan.xlsx,MEDIUM,READ,Office,Managed,3,0
EMP036,11,salary.xlsx,CRITICAL,READ,Office,Managed,10,0
EMP271,13,finance_report.xlsx,HIGH,READ,Office,Managed,18,0
EMP195,12,employee_handbook.pdf,LOW,READ,Remote,Managed,12,0
EMP200,18,employee_handbook.pdf,LOW,READ,Office,Managed,3,0
EMP039,16,project_plan.xlsx,MEDIUM,UPLOAD,Office,Managed,29,0
EMP178,14,salary.xlsx,CRITICAL,DOWNLOAD,Remote,Managed,4,0
EMP296,11,salary.xlsx,CRITICAL,WRITE,Office,Managed,21,0
EMP499,9,team_notes.docx,LOW,READ,Office,Managed,26,0
EMP068,4,payroll.xlsx,CRITICAL,DOWNLOAD,Remote,Personal,207,1
EMP343,13,employee_handbook.pdf,LOW,READ,Remote,Managed,20,0
EMP299,17,project_plan.xlsx,MEDIUM,READ,Office,Managed,2,0
EMP101,18,project_plan.xlsx,MEDIUM,EXPORT,Office,Managed,20,0
EMP199,16,employee_handbook.pdf,LOW,READ,Office,Managed,15,0
EMP449,8,project_plan.xlsx,MEDIUM,READ,Office,Managed,11,0
EMP114,18,finance_report.xlsx,HIGH,SHARE,Remote,Managed,30,0
EMP306,9,finance_report.xlsx,HIGH,READ,Office,Managed,9,0
EMP207,18,salary.xlsx,CRITICAL,READ,Office,Managed,16,0
EMP498,15,finance_report.xlsx,HIGH,WRITE,Office,Managed,14,0
EMP370,16,salary.xlsx,CRITICAL,READ,Office,Managed,2,0
EMP231,11,project_plan.xlsx,MEDIUM,READ,Office,Personal,28,0
EMP136,10,team_notes.docx,LOW,READ,Office,Managed,19,0
EMP001,17,payroll.xlsx,CRITICAL,READ,VPN,Personal,2,0
EMP228,10,employee_handbook.pdf,LOW,WRITE,Remote,Managed,26,0
EMP407,5,finance_report.xlsx,HIGH,DOWNLOAD,Remote,Personal,326,1
EMP371,18,project_plan.xlsx,MEDIUM,EXPORT,Office,Managed,3,0
EMP242,11,employee_handbook.pdf,LOW,READ,Remote,Managed,10,0
EMP297,9,team_notes.docx,LOW,READ,Office,Managed,2,0
EMP189,13,employee_handbook.pdf,LOW,WRITE,VPN,Managed,26,0
EMP071,14,team_notes.docx,LOW,WRITE,Remote,Managed,27,0
EMP190,9,team_notes.docx,LOW,WRITE,Remote,Personal,13,0
EMP104,17,salary.xlsx,CRITICAL,READ,Office,Managed,15,0
EMP068,11,payroll.xlsx,CRITICAL,WRITE,Office,Managed,17,0
EMP311,17,finance_report.xlsx,HIGH,WRITE,Office,Managed,15,0
EMP359,17,payroll.xlsx,CRITICAL,READ,Office,Managed,12,0
EMP043,18,finance_report.xlsx,HIGH,READ,Office,Managed,10,0
EMP457,17,employee_handbook.pdf,LOW,READ,Office,Personal,17,0
EMP357,16,payroll.xlsx,CRITICAL,READ,Remote,Managed,14,0
EMP155,8,team_notes.docx,LOW,WRITE,Office,Managed,2,0
EMP233,10,employee_handbook.pdf,LOW,READ,Office,Managed,15,0
EMP336,15,team_notes.docx,LOW,UPLOAD,Remote,Managed,21,0
EMP065,8,team_notes.docx,LOW,READ,VPN,Managed,27,0
EMP012,18,project_plan.xlsx,MEDIUM,READ,Office,Managed,25,0
EMP241,16,team_notes.docx,LOW,WRITE,Remote,Managed,19,0
EMP362,13,project_plan.xlsx,MEDIUM,WRITE,Office,Managed,29,0
EMP260,12,team_notes.docx,LOW,READ,Office,Managed,8,0
EMP127,18,employee_handbook.pdf,LOW,READ,Office,Managed,24,0
EMP218,9,team_notes.docx,LOW,READ,Office,Personal,27,0
EMP176,11,team_notes.docx,LOW,WRITE,Office,Managed,22,0
EMP320,12,team_notes.docx,LOW,WRITE,Remote,Managed,23,0
EMP338,15,team_notes.docx,LOW,EXPORT,Office,Managed,20,0
EMP267,12,payroll.xlsx,CRITICAL,READ,VPN,Managed,16,0
EMP011,16,team_notes.docx,LOW,READ,Office,Managed,26,0
EMP063,8,project_plan.xlsx,MEDIUM,EXPORT,Office,Personal,14,0
EMP099,11,team_notes.docx,LOW,READ,Remote,Managed,9,0
EMP360,12,project_plan.xlsx,MEDIUM,UPLOAD,Office,Managed,5,0
EMP408,16,finance_report.xlsx,HIGH,READ,Office,Managed,29,0
EMP310,12,project_plan.xlsx,MEDIUM,READ,Office,Managed,28,0
EMP389,12,salary.xlsx,CRITICAL,WRITE,Office,Managed,10,0
EMP447,18,payroll.xlsx,CRITICAL,READ,Office,Personal,26,0
EMP018,12,payroll.xlsx,CRITICAL,WRITE,Office,Personal,10,0
EMP325,18,employee_handbook.pdf,LOW,READ,Office,Managed,18,0
EMP345,15,payroll.xlsx,CRITICAL,READ,Office,Managed,5,0
EMP122,14,salary.xlsx,CRITICAL,READ,Office,Personal,23,0
EMP453,11,team_notes.docx,LOW,WRITE,Office,Managed,25,0
EMP267,17,payroll.xlsx,CRITICAL,READ,Office,Managed,22,0
EMP059,9,salary.xlsx,CRITICAL,READ,Remote,Managed,4,0
EMP294,12,project_plan.xlsx,MEDIUM,EXPORT,Office,Personal,27,0
EMP113,10,finance_report.xlsx,HIGH,DOWNLOAD,Office,Managed,18,0
EMP405,8,payroll.xlsx,CRITICAL,WRITE,Office,Managed,21,0
EMP324,10,finance_report.xlsx,HIGH,DOWNLOAD,Office,Managed,15,0
EMP122,11,finance_report.xlsx,HIGH,WRITE,Office,Managed,3,0
EMP203,12,employee_handbook.pdf,LOW,WRITE,Office,Managed,3,0
EMP097,9,finance_report.xlsx,HIGH,READ,Office,Managed,20,0
EMP360,11,payroll.xlsx,CRITICAL,DOWNLOAD,Office,Managed,18,0
EMP232,12,project_plan.xlsx,MEDIUM,READ,Remote,Managed,25,0
EMP146,10,project_plan.xlsx,MEDIUM,READ,Office,Managed,26,0
EMP479,15,employee_handbook.pdf,LOW,READ,Office,Managed,25,0
EMP306,11,project_plan.xlsx,MEDIUM,WRITE,Office,Managed,29,0
EMP407,13,project_plan.xlsx,MEDIUM,WRITE,Office,Managed,20,0
EMP190,14,team_notes.docx,LOW,READ,Office,Managed,15,0
EMP047,18,finance_report.xlsx,HIGH,READ,Office,Personal,2,0
EMP150,18,project_plan.xlsx,MEDIUM,READ,Office,Managed,13,0
EMP120,16,employee_handbook.pdf,LOW,READ,Remote,Managed,11,0
EMP471,16,project_plan.xlsx,MEDIUM,READ,Office,Managed,4,0
EMP451,14,project_plan.xlsx,MEDIUM,EXPORT,Office,Managed,27,0
EMP143,15,employee_handbook.pdf,LOW,READ,Office,Managed,13,0
EMP495,13,employee_handbook.pdf,LOW,READ,Remote,Managed,23,0
EMP352,18,salary.xlsx,CRITICAL,READ,Office,Personal,30,0
EMP413,13,employee_handbook.pdf,LOW,READ,Office,Personal,19,0
EMP409,12,finance_report.xlsx,HIGH,DOWNLOAD,Office,Managed,26,0
EMP215,9,team_notes.docx,LOW,READ,Office,Managed,26,0
EMP136,14,finance_report.xlsx,HIGH,WRITE,Office,Managed,6,0
EMP250,15,project_plan.xlsx,MEDIUM,DELETE,Office,Managed,15,0
EMP217,9,salary.xlsx,CRITICAL,WRITE,Office,Managed,8,0
EMP470,9,team_notes.docx,LOW,READ,Remote,Managed,18,0
EMP249,15,employee_handbook.pdf,LOW,WRITE,Office,Managed,19,0
EMP214,10,employee_handbook.pdf,LOW,READ,Office,Managed,23,0
EMP220,17,salary.xlsx,CRITICAL,READ,Office,Managed,13,0
EMP027,14,team_notes.docx,LOW,WRITE,Remote,Managed,14,0
EMP224,14,salary.xlsx,CRITICAL,READ,Remote,Managed,27,0
EMP490,18,payroll.xlsx,CRITICAL,READ,Office,Managed,2,0
EMP063,10,team_notes.docx,LOW,DOWNLOAD,Office,Managed,15,0
EMP301,11,team_notes.docx,LOW,DOWNLOAD,Office,Managed,26,0
EMP277,15,salary.xlsx,CRITICAL,READ,Office,Managed,24,0
EMP215,11,salary.xlsx,CRITICAL,EXPORT,Remote,Managed,30,0
EMP302,14,employee_handbook.pdf,LOW,READ,Office,Managed,8,0
EMP198,11,payroll.xlsx,CRITICAL,SHARE,Office,Managed,29,0
EMP139,8,salary.xlsx,CRITICAL,READ,Remote,Managed,22,0
EMP290,11,payroll.xlsx,CRITICAL,SHARE,Office,Managed,17,0
EMP131,17,employee_handbook.pdf,LOW,READ,Office,Managed,7,0
EMP485,18,team_notes.docx,LOW,DELETE,Office,Managed,8,0
EMP450,12,employee_handbook.pdf,LOW,READ,VPN,Managed,4,0
EMP048,15,team_notes.docx,LOW,READ,Office,Managed,25,0
EMP378,9,employee_handbook.pdf,LOW,UPLOAD,Office,Managed,18,0
EMP477,14,finance_report.xlsx,HIGH,WRITE,Office,Managed,4,0
EMP213,16,project_plan.xlsx,MEDIUM,UPLOAD,Remote,Managed,27,0
EMP293,16,finance_report.xlsx,HIGH,DOWNLOAD,Office,Managed,14,0
EMP320,17,payroll.xlsx,CRITICAL,READ,Remote,Managed,28,0
EMP467,15,salary.xlsx,CRITICAL,READ,Office,Managed,5,0
EMP254,8,salary.xlsx,CRITICAL,SHARE,Remote,Managed,26,0
EMP485,9,project_plan.xlsx,MEDIUM,READ,Office,Managed,16,0
EMP257,2,finance_report.xlsx,HIGH,DOWNLOAD,VPN,Personal,169,1
EMP009,18,salary.xlsx,CRITICAL,READ,Office,Managed,14,0
EMP037,18,employee_handbook.pdf,LOW,READ,Office,Managed,11,0
EMP462,17,finance_report.xlsx,HIGH,WRITE,Remote,Managed,25,0
EMP193,9,finance_report.xlsx,HIGH,WRITE,Office,Managed,21,0
EMP185,16,employee_handbook.pdf,LOW,WRITE,Remote,Managed,26,0
EMP165,12,salary.xlsx,CRITICAL,READ,Office,Managed,9,0
EMP283,9,team_notes.docx,LOW,READ,Office,Managed,16,0
EMP098,12,payroll.xlsx,CRITICAL,READ,Remote,Managed,11,0
EMP422,10,employee_handbook.pdf,LOW,READ,Office,Managed,9,0
EMP435,17,team_notes.docx,LOW,WRITE,Office,Managed,8,0
EMP425,11,finance_report.xlsx,HIGH,UPLOAD,Remote,Managed,25,0
EMP021,12,payroll.xlsx,CRITICAL,WRITE,Office,Managed,5,0
EMP071,16,payroll.xlsx,CRITICAL,READ,Office,Managed,17,0
EMP264,11,employee_handbook.pdf,LOW,READ,Office,Managed,24,0
EMP332,13,payroll.xlsx,CRITICAL,EXPORT,Office,Managed,5,0
EMP391,10,team_notes.docx,LOW,READ,Office,Managed,19,0
EMP122,5,payroll.xlsx,CRITICAL,DOWNLOAD,VPN,Personal,326,1
EMP018,9,salary.xlsx,CRITICAL,EXPORT,Office,Managed,14,0
EMP420,11,employee_handbook.pdf,LOW,WRITE,Office,Managed,1,0
EMP290,18,project_plan.xlsx,MEDIUM,DOWNLOAD,Office,Managed,25,0
EMP173,16,project_plan.xlsx,MEDIUM,WRITE,Office,Managed,11,0
EMP061,8,employee_handbook.pdf,LOW,READ,Remote,Managed,7,0
EMP490,16,salary.xlsx,CRITICAL,WRITE,Office,Managed,28,0
EMP187,15,payroll.xlsx,CRITICAL,READ,Remote,Managed,11,0
EMP429,14,employee_handbook.pdf,LOW,WRITE,Office,Managed,28,0
EMP400,9,salary.xlsx,CRITICAL,WRITE,Remote,Managed,29,0
EMP214,17,salary.xlsx,CRITICAL,WRITE,Office,Managed,10,0
EMP154,11,employee_handbook.pdf,LOW,READ,Office,Managed,23,0
EMP017,11,project_plan.xlsx,MEDIUM,READ,Office,Managed,3,0
EMP095,11,team_notes.docx,LOW,WRITE,Office,Managed,22,0
EMP061,10,project_plan.xlsx,MEDIUM,SHARE,Office,Managed,8,0
EMP361,14,project_plan.xlsx,MEDIUM,READ,Office,Managed,7,0
EMP451,12,finance_report.xlsx,HIGH,READ,Office,Managed,15,0
EMP052,13,salary.xlsx,CRITICAL,READ,Remote,Managed,9,0
EMP288,17,team_notes.docx,LOW,SHARE,Office,Managed,9,0
EMP241,8,employee_handbook.pdf,LOW,WRITE,Office,Personal,8,0
EMP387,11,finance_report.xlsx,HIGH,READ,Remote,Managed,12,0
EMP320,13,project_plan.xlsx,MEDIUM,WRITE,Office,Personal,17,0
EMP332,13,payroll.xlsx,CRITICAL,READ,Office,Managed,10,0
EMP192,8,finance_report.xlsx,HIGH,WRITE,Office,Managed,16,0
EMP204,13,project_plan.xlsx,MEDIUM,WRITE,Office,Managed,24,0
EMP373,9,employee_handbook.pdf,LOW,DELETE,Remote,Managed,27,0
EMP467,12,team_notes.docx,LOW,READ,Office,Managed,11,0
EMP276,14,salary.xlsx,CRITICAL,SHARE,Office,Managed,25,0
EMP498,11,employee_handbook.pdf,LOW,READ,VPN,Managed,27,0
EMP258,11,finance_report.xlsx,HIGH,EXPORT,Office,Managed,28,0
EMP226,13,team_notes.docx,LOW,WRITE,Office,Managed,14,0
EMP238,18,finance_report.xlsx,HIGH,WRITE,Office,Managed,1,0
EMP151,11,employee_handbook.pdf,LOW,READ,Office,Managed,30,0
EMP040,12,team_notes.docx,LOW,DOWNLOAD,Office,Managed,27,0
EMP257,12,team_notes.docx,LOW,DOWNLOAD,Office,Managed,29,0
EMP108,16,project_plan.xlsx,MEDIUM,READ,Office,Managed,18,0
EMP096,9,employee_handbook.pdf,LOW,READ,Office,Managed,1,0
EMP392,11,employee_handbook.pdf,LOW,WRITE,VPN,Managed,30,0
EMP050,15,finance_report.xlsx,HIGH,WRITE,Office,Managed,2,0
EMP282,16,employee_handbook.pdf,LOW,READ,Office,Managed,23,0
EMP273,11,finance_report.xlsx,HIGH,READ,Remote,Managed,3,0
EMP159,18,employee_handbook.pdf,LOW,WRITE,Remote,Managed,23,0
EMP399,13,finance_report.xlsx,HIGH,WRITE,Remote,Managed,24,0
EMP300,8,payroll.xlsx,CRITICAL,WRITE,Office,Personal,4,0
EMP199,15,project_plan.xlsx,MEDIUM,UPLOAD,Remote,Managed,21,0
EMP004,14,project_plan.xlsx,MEDIUM,READ,Office,Managed,11,0
EMP486,11,salary.xlsx,CRITICAL,READ,Remote,Managed,25,0
EMP098,8,employee_handbook.pdf,LOW,READ,Office,Managed,7,0
EMP124,11,finance_report.xlsx,HIGH,READ,Remote,Managed,30,0
EMP458,15,salary.xlsx,CRITICAL,WRITE,Office,Managed,20,0
EMP252,10,project_plan.xlsx,MEDIUM,SHARE,Remote,Managed,8,0
EMP191,18,finance_report.xlsx,HIGH,WRITE,Office,Managed,9,0
EMP295,13,payroll.xlsx,CRITICAL,WRITE,Remote,Managed,8,0
EMP403,14,project_plan.xlsx,MEDIUM,READ,Office,Managed,24,0
EMP048,15,employee_handbook.pdf,LOW,WRITE,Remote,Managed,1,0
EMP447,8,payroll.xlsx,CRITICAL,READ,Office,Managed,18,0
EMP475,12,salary.xlsx,CRITICAL,READ,Office,Personal,1,0
EMP371,11,salary.xlsx,CRITICAL,READ,Office,Managed,2,0
EMP359,12,employee_handbook.pdf,LOW,READ,Office,Managed,27,0
EMP076,9,project_plan.xlsx,MEDIUM,WRITE,VPN,Managed,2,0
EMP134,16,project_plan.xlsx,MEDIUM,READ,Office,Managed,22,0
EMP458,16,salary.xlsx,CRITICAL,READ,Remote,Managed,8,0
EMP257,17,finance_report.xlsx,HIGH,UPLOAD,Remote,Managed,2,0
EMP315,13,employee_handbook.pdf,LOW,READ,Office,Managed,3,0
EMP449,10,project_plan.xlsx,MEDIUM,SHARE,Office,Managed,9,0
EMP365,16,employee_handbook.pdf,LOW,DOWNLOAD,Office,Managed,9,0
EMP231,12,employee_handbook.pdf,LOW,READ,Remote,Managed,4,0
EMP222,9,employee_handbook.pdf,LOW,WRITE,Office,Managed,2,0
EMP500,13,salary.xlsx,CRITICAL,READ,Office,Managed,17,0
EMP047,9,payroll.xlsx,CRITICAL,READ,Office,Managed,8,0
EMP286,12,project_plan.xlsx,MEDIUM,READ,VPN,Managed,10,0
EMP309,14,finance_report.xlsx,HIGH,READ,Office,Managed,24,0
EMP471,16,salary.xlsx,CRITICAL,READ,VPN,Managed,6,0
EMP019,5,salary.xlsx,CRITICAL,EXPORT,VPN,Personal,438,1
EMP076,17,payroll.xlsx,CRITICAL,READ,Remote,Personal,3,0
EMP283,8,project_plan.xlsx,MEDIUM,WRITE,Office,Personal,30,0
EMP411,16,payroll.xlsx,CRITICAL,WRITE,VPN,Managed,12,0
EMP058,10,team_notes.docx,LOW,WRITE,Office,Personal,6,0
EMP042,8,employee_handbook.pdf,LOW,EXPORT,Remote,Managed,7,0
EMP374,5,salary.xlsx,CRITICAL,DOWNLOAD,Remote,Personal,293,1
EMP100,13,salary.xlsx,CRITICAL,WRITE,Office,Managed,25,0
EMP205,18,project_plan.xlsx,MEDIUM,WRITE,Office,Managed,4,0
EMP395,8,employee_handbook.pdf,LOW,READ,Office,Managed,9,0
EMP005,15,employee_handbook.pdf,LOW,WRITE,Office,Managed,18,0
EMP281,14,employee_handbook.pdf,LOW,READ,Office,Managed,23,0
EMP226,9,team_notes.docx,LOW,READ,Office,Managed,19,0
EMP335,8,payroll.xlsx,CRITICAL,READ,Office,Managed,1,0
EMP353,13,team_notes.docx,LOW,READ,Office,Managed,19,0
EMP123,4,payroll.xlsx,CRITICAL,DOWNLOAD,VPN,Personal,183,1
EMP374,18,payroll.xlsx,CRITICAL,EXPORT,Office,Managed,15,0
EMP117,9,project_plan.xlsx,MEDIUM,READ,Office,Managed,28,0
EMP075,8,payroll.xlsx,CRITICAL,READ,Remote,Managed,14,0
EMP256,16,team_notes.docx,LOW,READ,Office,Managed,9,0
EMP238,18,team_notes.docx,LOW,READ,Remote,Managed,25,0
EMP394,18,project_plan.xlsx,MEDIUM,READ,Office,Managed,1,0
EMP193,10,salary.xlsx,CRITICAL,READ,Remote,Managed,26,0
EMP039,18,finance_report.xlsx,HIGH,WRITE,Remote,Managed,24,0
EMP496,12,finance_report.xlsx,HIGH,WRITE,Office,Managed,3,0
EMP253,15,payroll.xlsx,CRITICAL,WRITE,Remote,Managed,30,0
EMP067,17,salary.xlsx,CRITICAL,DELETE,Office,Managed,23,0
EMP242,15,finance_report.xlsx,HIGH,DELETE,Office,Managed,13,0
EMP280,15,payroll.xlsx,CRITICAL,READ,Remote,Personal,2,0
EMP426,9,employee_handbook.pdf,LOW,READ,Office,Managed,30,0
EMP005,10,employee_handbook.pdf,LOW,WRITE,Office,Managed,15,0
EMP273,12,project_plan.xlsx,MEDIUM,WRITE,Office,Personal,10,0
EMP198,18,finance_report.xlsx,HIGH,WRITE,Office,Managed,2,0
EMP248,5,finance_report.xlsx,HIGH,DOWNLOAD,VPN,Managed,190,1
EMP348,18,project_plan.xlsx,MEDIUM,WRITE,Office,Managed,21,0
EMP475,3,payroll.xlsx,CRITICAL,DOWNLOAD,VPN,Personal,171,1
EMP188,13,payroll.xlsx,CRITICAL,READ,Office,Managed,22,0
EMP259,17,team_notes.docx,LOW,READ,Office,Managed,18,0
EMP353,8,payroll.xlsx,CRITICAL,DELETE,Remote,Managed,25,0
EMP166,18,finance_report.xlsx,HIGH,UPLOAD,Office,Managed,14,0
EMP343,13,employee_handbook.pdf,LOW,DOWNLOAD,Office,Managed,8,0
EMP192,8,employee_handbook.pdf,LOW,WRITE,Remote,Managed,1,0
EMP333,13,payroll.xlsx,CRITICAL,WRITE,Office,Managed,27,0
EMP131,16,payroll.xlsx,CRITICAL,WRITE,Office,Managed,4,0
EMP032,14,salary.xlsx,CRITICAL,DOWNLOAD,Office,Managed,28,0
EMP133,10,payroll.xlsx,CRITICAL,READ,Remote,Managed,24,0
EMP241,12,employee_handbook.pdf,LOW,READ,Office,Managed,28,0
EMP411,9,project_plan.xlsx,MEDIUM,WRITE,Office,Managed,27,0
EMP229,10,salary.xlsx,CRITICAL,WRITE,Office,Managed,8,0
EMP278,12,finance_report.xlsx,HIGH,READ,Office,Managed,20,0
EMP181,16,employee_handbook.pdf,LOW,READ,Office,Managed,12,0
EMP175,17,employee_handbook.pdf,LOW,WRITE,VPN,Managed,25,0
EMP092,13,employee_handbook.pdf,LOW,READ,Office,Managed,27,0
EMP024,10,employee_handbook.pdf,LOW,READ,Remote,Managed,14,0
EMP263,15,project_plan.xlsx,MEDIUM,READ,Remote,Managed,25,0
EMP186,9,payroll.xlsx,CRITICAL,READ,Office,Managed,17,0
EMP047,8,finance_report.xlsx,HIGH,DOWNLOAD,Office,Managed,22,0
EMP432,18,team_notes.docx,LOW,READ,Remote,Managed,17,0
EMP010,18,team_notes.docx,LOW,READ,Remote,Managed,29,0
EMP159,13,salary.xlsx,CRITICAL,READ,Remote,Managed,17,0
EMP173,14,project_plan.xlsx,MEDIUM,READ,VPN,Managed,27,0
EMP023,10,employee_handbook.pdf,LOW,READ,Office,Managed,7,0
EMP152,11,salary.xlsx,CRITICAL,WRITE,Office,Managed,23,0
EMP238,9,project_plan.xlsx,MEDIUM,READ,Remote,Managed,20,0
EMP038,16,salary.xlsx,CRITICAL,READ,Remote,Managed,9,0
EMP116,13,payroll.xlsx,CRITICAL,EXPORT,Office,Managed,3,0
EMP131,18,finance_report.xlsx,HIGH,READ,Remote,Personal,22,0
EMP449,12,payroll.xlsx,CRITICAL,SHARE,Remote,Managed,4,0
EMP499,17,finance_report.xlsx,HIGH,WRITE,Remote,Managed,6,0
EMP352,17,employee_handbook.pdf,LOW,READ,VPN,Managed,2,0
EMP236,17,finance_report.xlsx,HIGH,READ,Office,Managed,27,0
EMP295,11,payroll.xlsx,CRITICAL,WRITE,Office,Managed,5,0
EMP478,12,payroll.xlsx,CRITICAL,READ,Office,Managed,1,0
EMP331,9,project_plan.xlsx,MEDIUM,READ,Office,Managed,10,0
EMP388,8,employee_handbook.pdf,LOW,SHARE,Office,Managed,14,0
EMP437,14,finance_report.xlsx,HIGH,READ,Remote,Managed,29,0
EMP444,15,team_notes.docx,LOW,READ,Office,Managed,15,0
EMP265,12,employee_handbook.pdf,LOW,READ,Remote,Managed,12,0
EMP280,12,team_notes.docx,LOW,READ,Office,Managed,10,0
EMP392,9,payroll.xlsx,CRITICAL,READ,Office,Managed,30,0
EMP173,12,employee_handbook.pdf,LOW,WRITE,Remote,Managed,23,0
EMP164,10,salary.xlsx,CRITICAL,READ,Office,Managed,19,0
EMP294,11,finance_report.xlsx,HIGH,READ,Office,Personal,23,0
EMP300,10,payroll.xlsx,CRITICAL,WRITE,Office,Managed,14,0
EMP075,14,salary.xlsx,CRITICAL,READ,Office,Managed,5,0
EMP235,9,project_plan.xlsx,MEDIUM,WRITE,Office,Managed,13,0
EMP308,8,salary.xlsx,CRITICAL,READ,Office,Managed,18,0
EMP334,18,salary.xlsx,CRITICAL,READ,Office,Managed,2,0
EMP375,14,team_notes.docx,LOW,WRITE,VPN,Managed,6,0
EMP201,10,finance_report.xlsx,HIGH,WRITE,Remote,Managed,23,0
EMP139,9,project_plan.xlsx,MEDIUM,WRITE,Office,Managed,2,0
EMP146,15,salary.xlsx,CRITICAL,READ,Office,Personal,26,0
EMP184,11,salary.xlsx,CRITICAL,READ,Office,Managed,3,0
EMP430,10,salary.xlsx,CRITICAL,READ,Office,Managed,11,0
EMP402,13,salary.xlsx,CRITICAL,DOWNLOAD,Office,Managed,25,0
EMP213,8,finance_report.xlsx,HIGH,READ,Office,Personal,19,0
EMP447,16,finance_report.xlsx,HIGH,READ,Office,Managed,30,0
EMP041,16,payroll.xlsx,CRITICAL,WRITE,Office,Managed,8,0
EMP132,12,team_notes.docx,LOW,READ,Office,Personal,24,0
EMP307,17,finance_report.xlsx,HIGH,WRITE,Remote,Managed,27,0
EMP169,16,project_plan.xlsx,MEDIUM,READ,Office,Managed,2,0
EMP130,17,team_notes.docx,LOW,DOWNLOAD,Office,Personal,21,0
EMP234,8,employee_handbook.pdf,LOW,UPLOAD,Remote,Managed,27,0
EMP266,15,payroll.xlsx,CRITICAL,READ,Office,Managed,13,0
EMP415,0,finance_report.xlsx,HIGH,DOWNLOAD,VPN,Personal,299,1
EMP432,16,finance_report.xlsx,HIGH,READ,Office,Managed,28,0
EMP361,18,project_plan.xlsx,MEDIUM,READ,Office,Managed,5,0
EMP175,10,team_notes.docx,LOW,UPLOAD,Remote,Managed,1,0
EMP118,15,finance_report.xlsx,HIGH,WRITE,Office,Managed,24,0
EMP499,8,payroll.xlsx,CRITICAL,UPLOAD,Remote,Managed,29,0
EMP394,2,payroll.xlsx,CRITICAL,DOWNLOAD,VPN,Personal,204,1
EMP054,12,finance_report.xlsx,HIGH,READ,VPN,Managed,24,0
EMP259,14,finance_report.xlsx,HIGH,WRITE,Office,Managed,12,0
EMP270,8,payroll.xlsx,CRITICAL,READ,Office,Managed,23,0
EMP319,10,finance_report.xlsx,HIGH,WRITE,Office,Managed,29,0
EMP272,11,payroll.xlsx,CRITICAL,READ,Office,Managed,10,0
EMP466,12,employee_handbook.pdf,LOW,READ,Office,Managed,26,0
EMP301,9,finance_report.xlsx,HIGH,READ,Remote,Managed,27,0
EMP423,11,finance_report.xlsx,HIGH,WRITE,Office,Managed,30,0
EMP363,0,salary.xlsx,CRITICAL,WRITE,VPN,Personal,481,1
EMP292,10,salary.xlsx,CRITICAL,READ,Office,Managed,29,0
EMP221,10,team_notes.docx,LOW,WRITE,Office,Managed,3,0
EMP112,14,salary.xlsx,CRITICAL,READ,Remote,Managed,10,0
EMP007,15,project_plan.xlsx,MEDIUM,READ,Office,Managed,20,0
EMP141,12,team_notes.docx,LOW,READ,Office,Managed,20,0
EMP035,8,salary.xlsx,CRITICAL,READ,Office,Managed,26,0
EMP344,12,team_notes.docx,LOW,WRITE,Office,Managed,21,0
EMP489,10,project_plan.xlsx,MEDIUM,READ,Office,Managed,12,0
EMP097,17,employee_handbook.pdf,LOW,WRITE,Office,Managed,28,0
EMP153,12,employee_handbook.pdf,LOW,READ,Office,Managed,14,0
EMP307,8,finance_report.xlsx,HIGH,READ,Office,Managed,5,0
EMP388,13,team_notes.docx,LOW,EXPORT,Office,Managed,19,0
EMP006,18,employee_handbook.pdf,LOW,UPLOAD,Office,Managed,16,0
EMP223,13,salary.xlsx,CRITICAL,WRITE,Office,Managed,17,0
EMP091,17,salary.xlsx,CRITICAL,WRITE,Office,Managed,19,0
EMP114,11,salary.xlsx,CRITICAL,EXPORT,Office,Managed,20,0
EMP264,9,project_plan.xlsx,MEDIUM,EXPORT,Office,Personal,18,0
EMP439,14,team_notes.docx,LOW,READ,Remote,Managed,26,0
EMP274,11,team_notes.docx,LOW,READ,Office,Personal,21,0
EMP318,14,payroll.xlsx,CRITICAL,READ,Office,Managed,23,0
EMP417,18,project_plan.xlsx,MEDIUM,READ,Remote,Managed,23,0
EMP492,13,finance_report.xlsx,HIGH,WRITE,Remote,Managed,14,0
EMP096,13,team_notes.docx,LOW,DOWNLOAD,Office,Managed,1,0
EMP044,1,payroll.xlsx,CRITICAL,DOWNLOAD,Remote,Managed,361,1
EMP198,9,team_notes.docx,LOW,READ,Office,Personal,27,0
EMP248,15,team_notes.docx,LOW,READ,Office,Managed,9,0
EMP250,13,salary.xlsx,CRITICAL,READ,Office,Managed,10,0
EMP083,9,salary.xlsx,CRITICAL,READ,Office,Managed,18,0
EMP289,12,project_plan.xlsx,MEDIUM,WRITE,Office,Managed,16,0
EMP142,16,payroll.xlsx,CRITICAL,READ,Office,Managed,23,0
EMP147,18,team_notes.docx,LOW,READ,Remote,Managed,10,0
EMP200,12,employee_handbook.pdf,LOW,UPLOAD,Remote,Managed,23,0
EMP415,16,payroll.xlsx,CRITICAL,READ,Remote,Managed,19,0
EMP303,9,salary.xlsx,CRITICAL,READ,Office,Managed,7,0
EMP035,16,salary.xlsx,CRITICAL,READ,Office,Managed,12,0
EMP489,10,project_plan.xlsx,MEDIUM,WRITE,Office,Managed,3,0
EMP203,15,payroll.xlsx,CRITICAL,READ,Office,Managed,7,0
EMP275,8,salary.xlsx,CRITICAL,READ,Office,Managed,29,0
EMP363,15,team_notes.docx,LOW,SHARE,Office,Managed,12,0
EMP155,3,payroll.xlsx,CRITICAL,DOWNLOAD,VPN,Personal,344,1
EMP476,8,finance_report.xlsx,HIGH,DOWNLOAD,Office,Managed,11,0
EMP036,18,payroll.xlsx,CRITICAL,READ,Office,Managed,27,0
EMP301,10,team_notes.docx,LOW,WRITE,Remote,Managed,3,0
EMP240,8,project_plan.xlsx,MEDIUM,READ,Remote,Managed,1,0
EMP195,10,payroll.xlsx,CRITICAL,READ,Office,Managed,3,0
EMP349,11,employee_handbook.pdf,LOW,WRITE,Office,Managed,15,0
EMP045,14,project_plan.xlsx,MEDIUM,WRITE,Office,Managed,11,0
EMP079,14,payroll.xlsx,CRITICAL,READ,Office,Managed,10,0
EMP470,4,salary.xlsx,CRITICAL,DOWNLOAD,Remote,Personal,483,1
EMP260,16,project_plan.xlsx,MEDIUM,READ,Remote,Managed,27,0
EMP126,8,employee_handbook.pdf,LOW,READ,Office,Managed,30,0
EMP478,13,finance_report.xlsx,HIGH,DOWNLOAD,VPN,Managed,13,0
EMP145,13,salary.xlsx,CRITICAL,READ,Office,Managed,22,0
EMP081,8,finance_report.xlsx,HIGH,READ,Office,Managed,23,0
EMP347,18,payroll.xlsx,CRITICAL,READ,Remote,Managed,20,0
EMP233,8,project_plan.xlsx,MEDIUM,WRITE,Office,Managed,29,0
EMP293,18,employee_handbook.pdf,LOW,READ,Office,Managed,20,0
EMP195,11,salary.xlsx,CRITICAL,READ,Office,Managed,30,0
EMP429,18,payroll.xlsx,CRITICAL,WRITE,Remote,Managed,22,0
EMP056,14,payroll.xlsx,CRITICAL,DOWNLOAD,Remote,Managed,27,0
EMP345,15,finance_report.xlsx,HIGH,READ,Office,Managed,5,0
EMP264,14,project_plan.xlsx,MEDIUM,SHARE,Office,Managed,25,0
EMP034,10,project_plan.xlsx,MEDIUM,READ,Office,Personal,21,0
EMP269,18,finance_report.xlsx,HIGH,WRITE,Office,Managed,18,0
EMP493,8,payroll.xlsx,CRITICAL,READ,Office,Managed,25,0
EMP269,9,finance_report.xlsx,HIGH,READ,Office,Managed,30,0
EMP302,13,team_notes.docx,LOW,READ,Office,Managed,14,0
EMP069,13,payroll.xlsx,CRITICAL,SHARE,Office,Managed,6,0
EMP494,11,finance_report.xlsx,HIGH,UPLOAD,Remote,Managed,23,0
EMP154,12,payroll.xlsx,CRITICAL,DOWNLOAD,Office,Personal,28,0
EMP244,17,payroll.xlsx,CRITICAL,READ,Remote,Managed,16,0
EMP382,10,finance_report.xlsx,HIGH,READ,Office,Managed,10,0
EMP328,11,employee_handbook.pdf,LOW,WRITE,Office,Managed,10,0
EMP285,15,salary.xlsx,CRITICAL,READ,Office,Managed,23,0
EMP070,14,employee_handbook.pdf,LOW,UPLOAD,VPN,Managed,5,0
EMP350,9,team_notes.docx,LOW,READ,Office,Managed,13,0
EMP107,15,payroll.xlsx,CRITICAL,READ,Office,Personal,26,0
EMP040,18,project_plan.xlsx,MEDIUM,DOWNLOAD,Remote,Managed,17,0
EMP161,16,payroll.xlsx,CRITICAL,READ,Remote,Managed,28,0
EMP093,9,payroll.xlsx,CRITICAL,DELETE,VPN,Managed,25,0
EMP050,15,payroll.xlsx,CRITICAL,WRITE,Office,Managed,18,0
EMP103,11,payroll.xlsx,CRITICAL,WRITE,Remote,Managed,7,0
EMP113,14,team_notes.docx,LOW,WRITE,Remote,Managed,6,0
EMP014,13,payroll.xlsx,CRITICAL,READ,Remote,Managed,28,0
EMP337,14,salary.xlsx,CRITICAL,READ,Remote,Personal,3,0
EMP198,17,employee_handbook.pdf,LOW,READ,Office,Managed,17,0
EMP210,9,payroll.xlsx,CRITICAL,READ,Remote,Managed,16,0
EMP105,13,project_plan.xlsx,MEDIUM,WRITE,Remote,Managed,3,0
EMP332,12,team_notes.docx,LOW,READ,Remote,Managed,3,0
EMP173,12,employee_handbook.pdf,LOW,READ,Remote,Managed,22,0
EMP296,10,team_notes.docx,LOW,READ,Remote,Managed,20,0
EMP484,16,employee_handbook.pdf,LOW,EXPORT,Office,Managed,13,0
EMP141,16,payroll.xlsx,CRITICAL,SHARE,Office,Managed,22,0
EMP369,13,salary.xlsx,CRITICAL,WRITE,Office,Managed,19,0
EMP108,13,salary.xlsx,CRITICAL,READ,Office,Managed,16,0
EMP280,17,salary.xlsx,CRITICAL,READ,Remote,Managed,15,0
EMP355,17,team_notes.docx,LOW,READ,Remote,Managed,22,0
EMP410,11,payroll.xlsx,CRITICAL,DOWNLOAD,Office,Managed,17,0
EMP259,10,salary.xlsx,CRITICAL,READ,Remote,Managed,13,0
EMP333,14,payroll.xlsx,CRITICAL,READ,Office,Managed,17,0
EMP026,18,salary.xlsx,CRITICAL,READ,Office,Managed,20,0
EMP429,8,payroll.xlsx,CRITICAL,READ,Office,Managed,4,0
EMP138,15,team_notes.docx,LOW,EXPORT,Office,Managed,14,0
EMP067,13,finance_report.xlsx,HIGH,READ,Office,Managed,4,0
EMP338,14,employee_handbook.pdf,LOW,READ,Office,Managed,2,0
EMP190,4,salary.xlsx,CRITICAL,SHARE,VPN,Personal,333,1
EMP270,12,salary.xlsx,CRITICAL,DOWNLOAD,Office,Managed,12,0
EMP401,5,payroll.xlsx,CRITICAL,DOWNLOAD,VPN,Personal,166,1
EMP380,16,payroll.xlsx,CRITICAL,READ,Office,Managed,7,0
EMP332,9,finance_report.xlsx,HIGH,WRITE,Office,Managed,11,0
EMP469,11,finance_report.xlsx,HIGH,WRITE,Remote,Managed,8,0
EMP426,0,salary.xlsx,CRITICAL,READ,VPN,Personal,378,1
EMP183,18,employee_handbook.pdf,LOW,READ,Office,Managed,16,0
EMP063,8,finance_report.xlsx,HIGH,SHARE,Office,Managed,6,0
EMP356,10,finance_report.xlsx,HIGH,READ,Office,Managed,26,0
EMP431,13,project_plan.xlsx,MEDIUM,READ,Remote,Managed,15,0
EMP450,12,project_plan.xlsx,MEDIUM,READ,Office,Managed,3,0
EMP340,18,project_plan.xlsx,MEDIUM,READ,Office,Managed,29,0
EMP096,3,salary.xlsx,CRITICAL,DOWNLOAD,VPN,Managed,271,1
EMP144,17,salary.xlsx,CRITICAL,WRITE,Office,Personal,13,0
EMP030,11,team_notes.docx,LOW,READ,Office,Managed,20,0
EMP463,13,project_plan.xlsx,MEDIUM,WRITE,VPN,Managed,14,0
EMP071,9,payroll.xlsx,CRITICAL,WRITE,Office,Managed,28,0
EMP388,16,team_notes.docx,LOW,READ,Office,Managed,19,0
EMP447,12,payroll.xlsx,CRITICAL,READ,Remote,Managed,19,0
EMP130,15,salary.xlsx,CRITICAL,WRITE,Office,Managed,1,0
EMP326,15,finance_report.xlsx,HIGH,EXPORT,Office,Managed,11,0
EMP088,9,team_notes.docx,LOW,READ,Remote,Managed,2,0
EMP370,18,team_notes.docx,LOW,READ,Office,Managed,5,0
EMP286,11,payroll.xlsx,CRITICAL,WRITE,Remote,Managed,8,0
EMP121,12,project_plan.xlsx,MEDIUM,READ,Remote,Managed,5,0
EMP370,15,team_notes.docx,LOW,READ,Office,Managed,15,0
EMP389,18,employee_handbook.pdf,LOW,READ,Remote,Managed,7,0
EMP356,13,project_plan.xlsx,MEDIUM,READ,Office,Managed,28,0
EMP218,9,payroll.xlsx,CRITICAL,READ,Remote,Managed,24,0
EMP391,18,payroll.xlsx,CRITICAL,WRITE,Office,Managed,24,0
EMP347,16,finance_report.xlsx,HIGH,READ,Remote,Managed,23,0
EMP302,10,payroll.xlsx,CRITICAL,READ,Remote,Managed,6,0
EMP059,8,payroll.xlsx,CRITICAL,DOWNLOAD,Office,Managed,6,0
EMP335,18,payroll.xlsx,CRITICAL,READ,Office,Managed,28,0
EMP414,18,team_notes.docx,LOW,READ,Remote,Managed,7,0
EMP014,18,payroll.xlsx,CRITICAL,DOWNLOAD,Office,Managed,7,0
EMP377,10,finance_report.xlsx,HIGH,DOWNLOAD,Office,Managed,15,0
EMP268,13,salary.xlsx,CRITICAL,UPLOAD,Office,Managed,8,0
EMP305,18,salary.xlsx,CRITICAL,UPLOAD,Office,Managed,22,0
EMP048,14,employee_handbook.pdf,LOW,READ,Remote,Managed,26,0
EMP028,2,finance_report.xlsx,HIGH,DOWNLOAD,VPN,Personal,390,1
EMP330,18,salary.xlsx,CRITICAL,SHARE,Office,Personal,11,0
EMP123,12,employee_handbook.pdf,LOW,READ,Office,Managed,13,0
EMP209,18,team_notes.docx,LOW,UPLOAD,Remote,Managed,7,0
EMP453,13,finance_report.xlsx,HIGH,UPLOAD,Office,Managed,12,0
EMP464,16,finance_report.xlsx,HIGH,READ,Office,Personal,8,0
EMP378,17,employee_handbook.pdf,LOW,DELETE,Office,Managed,1,0
EMP159,11,finance_report.xlsx,HIGH,READ,Office,Managed,5,0
EMP415,18,employee_handbook.pdf,LOW,EXPORT,VPN,Managed,23,0
EMP349,15,salary.xlsx,CRITICAL,READ,Office,Managed,28,0
EMP185,13,employee_handbook.pdf,LOW,READ,Remote,Managed,12,0
EMP282,13,project_plan.xlsx,MEDIUM,READ,Remote,Managed,19,0
EMP113,12,finance_report.xlsx,HIGH,READ,Office,Managed,26,0
EMP091,11,team_notes.docx,LOW,WRITE,Remote,Managed,30,0
EMP447,10,payroll.xlsx,CRITICAL,WRITE,Office,Managed,8,0
EMP011,17,payroll.xlsx,CRITICAL,READ,Office,Managed,25,0
EMP077,13,salary.xlsx,CRITICAL,READ,Office,Managed,24,0
EMP336,16,salary.xlsx,CRITICAL,READ,VPN,Managed,25,0
EMP217,14,project_plan.xlsx,MEDIUM,DOWNLOAD,Office,Managed,10,0
EMP315,12,finance_report.xlsx,HIGH,READ,VPN,Managed,21,0
EMP406,10,payroll.xlsx,CRITICAL,READ,Office,Managed,20,0
EMP074,13,salary.xlsx,CRITICAL,DOWNLOAD,Office,Personal,12,0
EMP161,8,payroll.xlsx,CRITICAL,WRITE,Office,Managed,19,0
EMP391,11,team_notes.docx,LOW,WRITE,Office,Managed,17,0
EMP188,9,salary.xlsx,CRITICAL,WRITE,Office,Managed,15,0
EMP282,9,payroll.xlsx,CRITICAL,READ,Office,Managed,24,0
EMP082,18,project_plan.xlsx,MEDIUM,WRITE,Remote,Managed,4,0
EMP329,18,team_notes.docx,LOW,READ,Office,Managed,21,0
EMP396,5,payroll.xlsx,CRITICAL,DOWNLOAD,VPN,Personal,249,1
EMP255,11,employee_handbook.pdf,LOW,WRITE,Remote,Managed,7,0
EMP327,10,payroll.xlsx,CRITICAL,WRITE,Office,Managed,7,0
EMP299,0,salary.xlsx,CRITICAL,DOWNLOAD,VPN,Managed,300,1
EMP015,10,salary.xlsx,CRITICAL,READ,Remote,Managed,8,0
EMP296,15,salary.xlsx,CRITICAL,READ,Office,Managed,4,0
EMP225,9,project_plan.xlsx,MEDIUM,READ,Office,Managed,9,0
EMP029,12,team_notes.docx,LOW,WRITE,Office,Managed,7,0
EMP215,13,team_notes.docx,LOW,READ,Office,Managed,19,0
EMP315,14,project_plan.xlsx,MEDIUM,READ,VPN,Personal,3,0
EMP477,9,finance_report.xlsx,HIGH,DOWNLOAD,Office,Managed,20,0
EMP491,8,team_notes.docx,LOW,WRITE,Office,Personal,4,0
EMP476,10,employee_handbook.pdf,LOW,READ,Office,Personal,7,0
EMP028,11,finance_report.xlsx,HIGH,READ,Office,Managed,15,0
EMP469,11,project_plan.xlsx,MEDIUM,READ,Office,Managed,8,0
EMP335,18,employee_handbook.pdf,LOW,WRITE,Office,Managed,18,0
EMP250,0,payroll.xlsx,CRITICAL,WRITE,VPN,Personal,237,1
EMP204,11,salary.xlsx,CRITICAL,EXPORT,Remote,Managed,11,0
EMP285,5,payroll.xlsx,CRITICAL,WRITE,VPN,Personal,452,1
EMP046,14,project_plan.xlsx,MEDIUM,DOWNLOAD,Office,Managed,17,0
EMP229,16,team_notes.docx,LOW,READ,Office,Managed,13,0
EMP027,14,payroll.xlsx,CRITICAL,READ,Remote,Personal,10,0
EMP220,12,employee_handbook.pdf,LOW,WRITE,Office,Managed,9,0
EMP311,13,salary.xlsx,CRITICAL,READ,Office,Personal,30,0
EMP260,12,project_plan.xlsx,MEDIUM,DOWNLOAD,Remote,Managed,6,0
EMP005,15,salary.xlsx,CRITICAL,EXPORT,Office,Managed,14,0
EMP413,3,finance_report.xlsx,HIGH,UPLOAD,Remote,Personal,367,1
EMP222,14,salary.xlsx,CRITICAL,READ,Remote,Managed,16,0
EMP079,11,project_plan.xlsx,MEDIUM,READ,Office,Managed,16,0
EMP181,9,project_plan.xlsx,MEDIUM,WRITE,Office,Managed,8,0
EMP350,16,team_notes.docx,LOW,READ,Remote,Personal,7,0
EMP487,11,team_notes.docx,LOW,READ,Remote,Managed,5,0
EMP347,14,salary.xlsx,CRITICAL,READ,Remote,Managed,23,0
EMP053,13,finance_report.xlsx,HIGH,SHARE,Office,Managed,2,0
EMP336,18,team_notes.docx,LOW,READ,Office,Managed,27,0
EMP114,14,project_plan.xlsx,MEDIUM,WRITE,Office,Managed,16,0
EMP470,12,project_plan.xlsx,MEDIUM,READ,Remote,Managed,2,0
EMP425,18,project_plan.xlsx,MEDIUM,EXPORT,Office,Managed,23,0
EMP482,14,payroll.xlsx,CRITICAL,DOWNLOAD,Remote,Personal,20,0
EMP496,13,finance_report.xlsx,HIGH,EXPORT,Office,Managed,9,0
EMP343,16,employee_handbook.pdf,LOW,READ,Office,Managed,11,0
EMP191,15,finance_report.xlsx,HIGH,WRITE,Office,Managed,25,0
EMP074,13,finance_report.xlsx,HIGH,DOWNLOAD,Office,Managed,11,0
EMP108,17,team_notes.docx,LOW,WRITE,Remote,Managed,14,0
EMP417,10,project_plan.xlsx,MEDIUM,WRITE,Remote,Managed,22,0
EMP191,15,team_notes.docx,LOW,DOWNLOAD,Office,Managed,6,0
EMP150,10,salary.xlsx,CRITICAL,WRITE,Remote,Managed,1,0
EMP026,10,team_notes.docx,LOW,READ,Office,Managed,28,0
EMP500,17,payroll.xlsx,CRITICAL,WRITE,Office,Managed,2,0
EMP116,9,team_notes.docx,LOW,READ,Office,Managed,8,0
EMP481,4,salary.xlsx,CRITICAL,DOWNLOAD,Remote,Managed,476,1
EMP184,9,salary.xlsx,CRITICAL,WRITE,Office,Managed,6,0
EMP253,14,finance_report.xlsx,HIGH,READ,Office,Managed,26,0
EMP464,8,project_plan.xlsx,MEDIUM,READ,Office,Managed,1,0
EMP239,14,finance_report.xlsx,HIGH,DOWNLOAD,Office,Managed,8,0
EMP004,18,salary.xlsx,CRITICAL,READ,Office,Managed,28,0
EMP090,4,finance_report.xlsx,HIGH,DOWNLOAD,VPN,Personal,239,1
EMP140,14,finance_report.xlsx,HIGH,WRITE,Office,Managed,29,0
EMP132,10,payroll.xlsx,CRITICAL,READ,Office,Managed,22,0
EMP010,12,employee_handbook.pdf,LOW,READ,Office,Personal,20,0
EMP306,10,finance_report.xlsx,HIGH,WRITE,Office,Managed,18,0
EMP348,18,project_plan.xlsx,MEDIUM,WRITE,Office,Managed,8,0
EMP329,9,project_plan.xlsx,MEDIUM,READ,Office,Managed,29,0
EMP164,14,salary.xlsx,CRITICAL,READ,Office,Managed,18,0
EMP107,5,payroll.xlsx,CRITICAL,DOWNLOAD,VPN,Personal,325,1
EMP219,16,payroll.xlsx,CRITICAL,READ,Office,Managed,29,0
EMP127,17,salary.xlsx,CRITICAL,WRITE,Office,Managed,19,0
EMP081,9,salary.xlsx,CRITICAL,READ,Office,Managed,21,0
EMP487,10,salary.xlsx,CRITICAL,READ,Office,Managed,30,0
EMP204,9,employee_handbook.pdf,LOW,WRITE,Office,Managed,16,0
EMP350,10,salary.xlsx,CRITICAL,WRITE,VPN,Managed,1,0
EMP030,17,payroll.xlsx,CRITICAL,READ,Office,Managed,10,0
EMP275,10,payroll.xlsx,CRITICAL,READ,Remote,Managed,19,0
EMP370,11,salary.xlsx,CRITICAL,READ,Remote,Managed,27,0
EMP395,10,project_plan.xlsx,MEDIUM,WRITE,Office,Managed,18,0
EMP454,3,finance_report.xlsx,HIGH,DOWNLOAD,Remote,Personal,220,1
EMP213,12,finance_report.xlsx,HIGH,READ,Office,Managed,4,0
EMP170,15,employee_handbook.pdf,LOW,WRITE,Office,Managed,11,0
EMP039,15,team_notes.docx,LOW,READ,Office,Managed,17,0
EMP053,13,employee_handbook.pdf,LOW,READ,Office,Managed,27,0
EMP491,18,payroll.xlsx,CRITICAL,DOWNLOAD,Office,Managed,7,0
EMP285,16,finance_report.xlsx,HIGH,READ,Office,Managed,5,0
EMP011,13,project_plan.xlsx,MEDIUM,READ,Office,Managed,29,0
EMP286,17,employee_handbook.pdf,LOW,DOWNLOAD,Remote,Managed,14,0
EMP408,10,payroll.xlsx,CRITICAL,WRITE,Office,Managed,15,0
EMP319,10,employee_handbook.pdf,LOW,READ,Office,Managed,7,0
EMP496,16,payroll.xlsx,CRITICAL,WRITE,Remote,Managed,8,0
EMP059,9,finance_report.xlsx,HIGH,READ,Office,Managed,2,0
EMP365,13,salary.xlsx,CRITICAL,READ,Office,Managed,17,0
EMP048,18,salary.xlsx,CRITICAL,WRITE,Office,Managed,10,0
EMP403,17,employee_handbook.pdf,LOW,WRITE,Remote,Managed,5,0
EMP358,14,team_notes.docx,LOW,READ,Office,Personal,11,0
EMP086,18,project_plan.xlsx,MEDIUM,WRITE,Office,Managed,21,0
EMP414,12,payroll.xlsx,CRITICAL,WRITE,Office,Managed,24,0
EMP111,17,team_notes.docx,LOW,READ,Office,Managed,29,0
EMP282,18,team_notes.docx,LOW,READ,Remote,Managed,15,0
EMP250,11,team_notes.docx,LOW,READ,Office,Managed,22,0
EMP371,9,employee_handbook.pdf,LOW,DELETE,Office,Managed,10,0
EMP303,11,finance_report.xlsx,HIGH,DELETE,Office,Managed,21,0
EMP279,18,project_plan.xlsx,MEDIUM,READ,Office,Managed,4,0
EMP103,13,salary.xlsx,CRITICAL,EXPORT,Remote,Managed,17,0
EMP414,10,finance_report.xlsx,HIGH,DELETE,Office,Managed,7,0
EMP338,16,salary.xlsx,CRITICAL,READ,Remote,Managed,15,0
EMP216,18,project_plan.xlsx,MEDIUM,WRITE,Office,Personal,3,0
EMP114,18,salary.xlsx,CRITICAL,READ,Remote,Personal,10,0
EMP235,18,payroll.xlsx,CRITICAL,READ,Office,Managed,18,0
EMP419,14,project_plan.xlsx,MEDIUM,READ,Remote,Managed,18,0
EMP202,15,payroll.xlsx,CRITICAL,READ,Office,Managed,13,0
EMP247,18,project_plan.xlsx,MEDIUM,READ,Office,Managed,22,0
EMP327,14,payroll.xlsx,CRITICAL,READ,Remote,Managed,1,0
EMP213,14,salary.xlsx,CRITICAL,READ,Office,Managed,7,0
EMP142,14,employee_handbook.pdf,LOW,READ,Remote,Managed,1,0
EMP167,17,payroll.xlsx,CRITICAL,WRITE,Remote,Managed,25,0
EMP037,8,team_notes.docx,LOW,READ,Office,Managed,19,0
EMP376,2,finance_report.xlsx,HIGH,DOWNLOAD,Remote,Personal,298,1
EMP260,12,finance_report.xlsx,HIGH,WRITE,Office,Managed,23,0
EMP297,14,salary.xlsx,CRITICAL,WRITE,Office,Managed,9,0
EMP260,14,salary.xlsx,CRITICAL,READ,Remote,Managed,29,0
EMP246,16,payroll.xlsx,CRITICAL,READ,Office,Managed,5,0
EMP247,9,employee_handbook.pdf,LOW,READ,Office,Managed,8,0
EMP386,16,team_notes.docx,LOW,READ,Remote,Managed,28,0
EMP309,9,project_plan.xlsx,MEDIUM,WRITE,Office,Managed,4,0
EMP409,14,payroll.xlsx,CRITICAL,WRITE,Remote,Personal,20,0
EMP112,15,project_plan.xlsx,MEDIUM,READ,Office,Managed,22,0
EMP425,18,project_plan.xlsx,MEDIUM,WRITE,Remote,Managed,23,0
EMP374,15,employee_handbook.pdf,LOW,READ,VPN,Managed,18,0
EMP249,17,project_plan.xlsx,MEDIUM,READ,Office,Managed,15,0
EMP041,8,finance_report.xlsx,HIGH,UPLOAD,Office,Managed,14,0
EMP420,14,salary.xlsx,CRITICAL,READ,Office,Managed,5,0
EMP124,15,payroll.xlsx,CRITICAL,UPLOAD,Office,Managed,9,0
EMP336,18,salary.xlsx,CRITICAL,READ,Remote,Managed,24,0
EMP238,8,project_plan.xlsx,MEDIUM,READ,Office,Managed,10,0
EMP053,9,finance_report.xlsx,HIGH,READ,Remote,Managed,1,0
EMP408,17,employee_handbook.pdf,LOW,WRITE,Office,Managed,12,0
EMP054,10,payroll.xlsx,CRITICAL,READ,Office,Managed,13,0
EMP297,16,employee_handbook.pdf,LOW,READ,Office,Managed,16,0
EMP153,11,payroll.xlsx,CRITICAL,READ,Remote,Managed,26,0
EMP399,14,project_plan.xlsx,MEDIUM,READ,Office,Managed,7,0
EMP351,15,finance_report.xlsx,HIGH,READ,Remote,Managed,3,0
EMP398,11,project_plan.xlsx,MEDIUM,WRITE,Office,Managed,20,0
EMP258,17,employee_handbook.pdf,LOW,DELETE,Remote,Managed,20,0
EMP156,8,project_plan.xlsx,MEDIUM,READ,Office,Managed,24,0
EMP006,18,salary.xlsx,CRITICAL,READ,VPN,Personal,22,0
EMP449,13,salary.xlsx,CRITICAL,READ,Remote,Managed,9,0
EMP217,14,payroll.xlsx,CRITICAL,READ,VPN,Managed,13,0
EMP481,16,salary.xlsx,CRITICAL,READ,Office,Managed,6,0
EMP486,13,finance_report.xlsx,HIGH,READ,Remote,Managed,17,0
EMP191,17,finance_report.xlsx,HIGH,READ,Remote,Managed,19,0
EMP295,18,team_notes.docx,LOW,READ,Office,Managed,8,0
EMP090,17,team_notes.docx,LOW,DOWNLOAD,Remote,Managed,17,0
EMP346,11,employee_handbook.pdf,LOW,READ,Office,Personal,11,0
EMP259,13,finance_report.xlsx,HIGH,WRITE,Office,Managed,30,0
EMP444,17,finance_report.xlsx,HIGH,READ,Office,Managed,8,0
EMP442,8,finance_report.xlsx,HIGH,READ,Office,Managed,11,0
EMP141,12,payroll.xlsx,CRITICAL,READ,Office,Managed,13,0
EMP105,12,employee_handbook.pdf,LOW,READ,Remote,Managed,23,0
EMP151,18,employee_handbook.pdf,LOW,WRITE,Office,Managed,7,0
EMP005,15,payroll.xlsx,CRITICAL,UPLOAD,Office,Managed,1,0
EMP437,8,salary.xlsx,CRITICAL,DOWNLOAD,Remote,Personal,15,0
EMP153,17,finance_report.xlsx,HIGH,SHARE,Office,Managed,20,0
EMP357,12,salary.xlsx,CRITICAL,READ,Office,Managed,8,0
EMP263,14,salary.xlsx,CRITICAL,READ,Office,Managed,20,0
EMP267,18,employee_handbook.pdf,LOW,SHARE,Office,Managed,10,0
EMP179,13,salary.xlsx,CRITICAL,EXPORT,Office,Managed,7,0
EMP279,13,team_notes.docx,LOW,READ,Office,Managed,20,0
EMP125,16,payroll.xlsx,CRITICAL,READ,Office,Managed,15,0
EMP008,13,project_plan.xlsx,MEDIUM,WRITE,Office,Managed,1,0
EMP484,11,employee_handbook.pdf,LOW,EXPORT,Office,Managed,18,0
EMP309,10,team_notes.docx,LOW,WRITE,Office,Managed,25,0
EMP138,9,salary.xlsx,CRITICAL,READ,Office,Managed,13,0
EMP325,14,finance_report.xlsx,HIGH,READ,VPN,Managed,2,0
EMP292,17,payroll.xlsx,CRITICAL,EXPORT,Remote,Managed,27,0
EMP306,12,salary.xlsx,CRITICAL,SHARE,Remote,Managed,12,0
EMP273,13,project_plan.xlsx,MEDIUM,WRITE,Office,Managed,6,0
EMP261,14,payroll.xlsx,CRITICAL,WRITE,Remote,Managed,1,0
EMP028,10,finance_report.xlsx,HIGH,READ,Office,Managed,19,0
EMP387,11,team_notes.docx,LOW,DOWNLOAD,Remote,Personal,28,0
EMP428,17,employee_handbook.pdf,LOW,WRITE,Office,Managed,17,0
EMP391,8,payroll.xlsx,CRITICAL,READ,Office,Managed,1,0
EMP059,10,payroll.xlsx,CRITICAL,EXPORT,Office,Managed,10,0
EMP206,16,salary.xlsx,CRITICAL,READ,Office,Managed,26,0
EMP136,9,team_notes.docx,LOW,DELETE,Remote,Managed,10,0
EMP371,13,employee_handbook.pdf,LOW,WRITE,Office,Managed,23,0
EMP345,18,project_plan.xlsx,MEDIUM,READ,Office,Managed,12,0
EMP162,11,payroll.xlsx,CRITICAL,WRITE,Office,Personal,15,0
EMP301,8,salary.xlsx,CRITICAL,SHARE,Office,Managed,2,0
EMP458,16,payroll.xlsx,CRITICAL,READ,Remote,Managed,17,0
EMP053,16,project_plan.xlsx,MEDIUM,WRITE,Office,Managed,19,0
EMP463,11,finance_report.xlsx,HIGH,READ,Remote,Personal,15,0
EMP203,10,project_plan.xlsx,MEDIUM,WRITE,Office,Managed,25,0
EMP214,17,employee_handbook.pdf,LOW,READ,Office,Managed,20,0
EMP201,12,payroll.xlsx,CRITICAL,WRITE,Remote,Managed,8,0
EMP080,18,finance_report.xlsx,HIGH,READ,Remote,Managed,15,0
EMP300,9,project_plan.xlsx,MEDIUM,READ,Office,Personal,19,0
EMP384,16,salary.xlsx,CRITICAL,READ,Office,Managed,12,0
EMP362,12,salary.xlsx,CRITICAL,READ,Office,Managed,15,0
EMP142,14,employee_handbook.pdf,LOW,READ,Office,Managed,17,0
EMP318,13,employee_handbook.pdf,LOW,WRITE,Office,Managed,22,0
EMP281,8,finance_report.xlsx,HIGH,READ,Office,Managed,20,0
EMP340,10,salary.xlsx,CRITICAL,UPLOAD,Office,Managed,22,0
EMP288,18,project_plan.xlsx,MEDIUM,WRITE,Office,Managed,16,0
EMP417,17,salary.xlsx,CRITICAL,READ,Office,Managed,16,0
EMP282,13,salary.xlsx,CRITICAL,WRITE,Office,Managed,13,0
EMP369,8,employee_handbook.pdf,LOW,READ,Office,Managed,6,0
EMP203,18,finance_report.xlsx,HIGH,READ,Office,Managed,24,0
EMP466,10,payroll.xlsx,CRITICAL,DELETE,Office,Managed,29,0
EMP015,13,salary.xlsx,CRITICAL,EXPORT,Office,Managed,7,0
EMP340,5,finance_report.xlsx,HIGH,WRITE,VPN,Personal,309,1
EMP402,12,salary.xlsx,CRITICAL,WRITE,Office,Managed,14,0
EMP149,13,project_plan.xlsx,MEDIUM,READ,Office,Managed,5,0
EMP077,17,team_notes.docx,LOW,EXPORT,Office,Managed,18,0
EMP223,12,team_notes.docx,LOW,READ,Office,Managed,9,0
EMP305,9,employee_handbook.pdf,LOW,WRITE,Office,Managed,29,0
EMP146,17,employee_handbook.pdf,LOW,DOWNLOAD,Office,Managed,23,0
EMP140,17,finance_report.xlsx,HIGH,READ,Office,Managed,18,0
EMP004,12,team_notes.docx,LOW,READ,Office,Managed,11,0
EMP158,13,employee_handbook.pdf,LOW,DELETE,Remote,Managed,29,0
EMP061,15,payroll.xlsx,CRITICAL,READ,Office,Managed,29,0
EMP277,8,payroll.xlsx,CRITICAL,EXPORT,Remote,Managed,6,0
EMP460,17,finance_report.xlsx,HIGH,READ,Office,Personal,17,0
EMP444,10,payroll.xlsx,CRITICAL,READ,Remote,Managed,25,0
EMP480,15,employee_handbook.pdf,LOW,READ,Remote,Managed,11,0
EMP304,17,employee_handbook.pdf,LOW,READ,Office,Managed,10,0
EMP266,15,finance_report.xlsx,HIGH,READ,Remote,Managed,30,0
EMP059,8,project_plan.xlsx,MEDIUM,EXPORT,Office,Managed,18,0
EMP237,10,project_plan.xlsx,MEDIUM,READ,Office,Managed,17,0
EMP419,14,project_plan.xlsx,MEDIUM,DOWNLOAD,Office,Managed,8,0
EMP205,13,team_notes.docx,LOW,READ,Office,Managed,12,0
EMP402,13,payroll.xlsx,CRITICAL,WRITE,Remote,Managed,17,0
EMP284,18,employee_handbook.pdf,LOW,READ,Office,Managed,24,0
EMP453,16,payroll.xlsx,CRITICAL,READ,Office,Managed,5,0
EMP091,13,payroll.xlsx,CRITICAL,WRITE,Office,Managed,25,0
EMP295,9,payroll.xlsx,CRITICAL,READ,Office,Managed,30,0
EMP375,15,employee_handbook.pdf,LOW,DOWNLOAD,VPN,Managed,5,0
EMP221,9,salary.xlsx,CRITICAL,WRITE,Office,Managed,29,0
EMP128,9,finance_report.xlsx,HIGH,READ,Remote,Managed,2,0
EMP237,9,employee_handbook.pdf,LOW,WRITE,Office,Personal,10,0
EMP219,18,finance_report.xlsx,HIGH,READ,Remote,Managed,29,0
EMP087,18,salary.xlsx,CRITICAL,READ,Office,Managed,6,0
EMP070,11,finance_report.xlsx,HIGH,DOWNLOAD,VPN,Managed,16,0
EMP169,15,salary.xlsx,CRITICAL,READ,Office,Managed,18,0
EMP197,10,team_notes.docx,LOW,WRITE,Office,Managed,18,0
EMP346,9,salary.xlsx,CRITICAL,READ,Office,Managed,28,0
EMP316,12,salary.xlsx,CRITICAL,WRITE,Office,Managed,8,0
EMP481,17,salary.xlsx,CRITICAL,WRITE,Office,Managed,26,0
EMP406,17,employee_handbook.pdf,LOW,EXPORT,Office,Managed,18,0
EMP175,12,project_plan.xlsx,MEDIUM,DELETE,Remote,Managed,1,0
EMP173,5,finance_report.xlsx,HIGH,DOWNLOAD,VPN,Personal,494,1
EMP172,2,payroll.xlsx,CRITICAL,DOWNLOAD,VPN,Personal,350,1
EMP370,13,salary.xlsx,CRITICAL,READ,Office,Personal,15,0
EMP165,17,employee_handbook.pdf,LOW,READ,Office,Managed,19,0
EMP329,2,salary.xlsx,CRITICAL,DOWNLOAD,VPN,Personal,354,1
EMP267,9,employee_handbook.pdf,LOW,READ,Remote,Managed,8,0
EMP402,16,payroll.xlsx,CRITICAL,WRITE,Office,Managed,7,0
EMP062,15,team_notes.docx,LOW,READ,VPN,Personal,26,0
EMP050,11,employee_handbook.pdf,LOW,DELETE,Office,Managed,22,0
EMP014,17,salary.xlsx,CRITICAL,UPLOAD,Remote,Managed,6,0
EMP288,15,project_plan.xlsx,MEDIUM,WRITE,Remote,Managed,22,0
EMP048,16,salary.xlsx,CRITICAL,WRITE,Office,Managed,6,0
EMP167,18,project_plan.xlsx,MEDIUM,READ,Remote,Managed,3,0
EMP091,14,employee_handbook.pdf,LOW,READ,VPN,Managed,17,0
EMP048,18,project_plan.xlsx,MEDIUM,READ,Office,Managed,21,0
EMP179,11,project_plan.xlsx,MEDIUM,READ,Office,Managed,10,0
EMP163,15,salary.xlsx,CRITICAL,WRITE,Remote,Managed,27,0
EMP395,12,payroll.xlsx,CRITICAL,WRITE,Office,Personal,12,0
EMP475,8,salary.xlsx,CRITICAL,READ,Remote,Managed,16,0
EMP326,9,team_notes.docx,LOW,DOWNLOAD,Office,Managed,11,0
EMP288,14,employee_handbook.pdf,LOW,EXPORT,Office,Managed,8,0
EMP014,14,salary.xlsx,CRITICAL,WRITE,Office,Managed,14,0
EMP500,10,payroll.xlsx,CRITICAL,READ,Office,Managed,4,0
EMP433,15,team_notes.docx,LOW,READ,Remote,Managed,23,0
EMP280,8,team_notes.docx,LOW,DOWNLOAD,Office,Managed,5,0
EMP185,12,finance_report.xlsx,HIGH,READ,Office,Managed,18,0
EMP373,13,project_plan.xlsx,MEDIUM,WRITE,Office,Managed,19,0
EMP108,13,project_plan.xlsx,MEDIUM,READ,Remote,Managed,5,0
EMP240,12,salary.xlsx,CRITICAL,READ,Office,Managed,15,0
EMP387,8,team_notes.docx,LOW,READ,VPN,Managed,30,0
EMP006,12,finance_report.xlsx,HIGH,READ,Office,Managed,26,0
EMP380,15,finance_report.xlsx,HIGH,WRITE,Remote,Managed,17,0
EMP051,11,payroll.xlsx,CRITICAL,WRITE,Office,Managed,8,0
EMP360,8,team_notes.docx,LOW,READ,VPN,Managed,26,0
EMP413,9,team_notes.docx,LOW,READ,Office,Managed,10,0
EMP098,11,finance_report.xlsx,HIGH,READ,Office,Managed,6,0
EMP003,13,team_notes.docx,LOW,READ,Office,Managed,14,0
EMP413,10,finance_report.xlsx,HIGH,READ,Office,Managed,7,0
EMP342,17,employee_handbook.pdf,LOW,DOWNLOAD,Office,Personal,2,0
EMP237,17,finance_report.xlsx,HIGH,WRITE,Remote,Managed,15,0
EMP229,17,payroll.xlsx,CRITICAL,READ,Office,Managed,25,0
EMP059,4,payroll.xlsx,CRITICAL,DOWNLOAD,VPN,Personal,377,1
EMP414,18,salary.xlsx,CRITICAL,READ,Office,Managed,9,0
EMP017,17,employee_handbook.pdf,LOW,WRITE,Office,Managed,20,0
EMP093,3,finance_report.xlsx,HIGH,DOWNLOAD,VPN,Personal,331,1
EMP432,10,salary.xlsx,CRITICAL,WRITE,Office,Managed,28,0
EMP058,8,employee_handbook.pdf,LOW,READ,Office,Managed,27,0
EMP372,16,employee_handbook.pdf,LOW,DELETE,VPN,Managed,6,0
EMP471,18,payroll.xlsx,CRITICAL,UPLOAD,Office,Managed,10,0
EMP262,11,employee_handbook.pdf,LOW,SHARE,Office,Managed,19,0
EMP115,16,team_notes.docx,LOW,SHARE,VPN,Managed,15,0
EMP267,15,salary.xlsx,CRITICAL,READ,Office,Managed,24,0
EMP346,15,finance_report.xlsx,HIGH,READ,Office,Managed,14,0
EMP197,10,project_plan.xlsx,MEDIUM,READ,Office,Managed,8,0
EMP113,15,finance_report.xlsx,HIGH,WRITE,Remote,Managed,26,0
EMP106,12,payroll.xlsx,CRITICAL,WRITE,Office,Managed,25,0
EMP474,9,employee_handbook.pdf,LOW,WRITE,Office,Managed,22,0
EMP274,8,team_notes.docx,LOW,UPLOAD,Office,Managed,6,0
EMP119,9,finance_report.xlsx,HIGH,READ,Office,Managed,17,0
EMP437,18,project_plan.xlsx,MEDIUM,DOWNLOAD,Office,Managed,23,0
EMP499,10,project_plan.xlsx,MEDIUM,READ,Office,Personal,17,0
EMP118,11,employee_handbook.pdf,LOW,DELETE,Office,Managed,9,0
EMP272,15,salary.xlsx,CRITICAL,SHARE,Remote,Personal,1,0
EMP249,15,finance_report.xlsx,HIGH,READ,Office,Managed,13,0
EMP058,8,payroll.xlsx,CRITICAL,WRITE,Office,Managed,4,0
EMP479,14,salary.xlsx,CRITICAL,DOWNLOAD,Office,Managed,30,0
EMP379,16,payroll.xlsx,CRITICAL,DOWNLOAD,Remote,Managed,8,0
EMP258,17,team_notes.docx,LOW,READ,Office,Managed,4,0
EMP048,8,project_plan.xlsx,MEDIUM,UPLOAD,Remote,Managed,23,0
EMP475,10,project_plan.xlsx,MEDIUM,WRITE,Office,Managed,16,0
EMP441,8,salary.xlsx,CRITICAL,WRITE,Office,Managed,25,0
EMP316,10,team_notes.docx,LOW,WRITE,Remote,Managed,19,0
EMP148,5,salary.xlsx,CRITICAL,DOWNLOAD,VPN,Personal,223,1
EMP357,10,finance_report.xlsx,HIGH,WRITE,Office,Managed,29,0
EMP487,10,payroll.xlsx,CRITICAL,READ,Office,Managed,26,0
EMP305,15,finance_report.xlsx,HIGH,READ,Remote,Managed,12,0
EMP341,14,finance_report.xlsx,HIGH,WRITE,Remote,Managed,10,0
EMP165,15,payroll.xlsx,CRITICAL,READ,Office,Managed,26,0
EMP128,11,employee_handbook.pdf,LOW,READ,Office,Managed,9,0
EMP376,16,team_notes.docx,LOW,EXPORT,Office,Managed,18,0
EMP054,17,payroll.xlsx,CRITICAL,WRITE,Office,Managed,18,0
EMP441,16,salary.xlsx,CRITICAL,WRITE,Remote,Managed,6,0
EMP422,13,salary.xlsx,CRITICAL,READ,Remote,Managed,15,0
EMP464,16,finance_report.xlsx,HIGH,READ,Office,Managed,28,0
EMP015,15,project_plan.xlsx,MEDIUM,DOWNLOAD,Office,Managed,26,0
EMP391,11,payroll.xlsx,CRITICAL,READ,VPN,Personal,15,0
EMP411,18,project_plan.xlsx,MEDIUM,READ,Remote,Managed,25,0
EMP325,9,salary.xlsx,CRITICAL,READ,Office,Managed,12,0
EMP442,15,payroll.xlsx,CRITICAL,READ,Office,Managed,20,0
EMP032,5,payroll.xlsx,CRITICAL,DOWNLOAD,VPN,Personal,299,1
EMP083,9,finance_report.xlsx,HIGH,READ,Remote,Managed,20,0
EMP372,12,project_plan.xlsx,MEDIUM,DOWNLOAD,Office,Managed,28,0
EMP354,15,team_notes.docx,LOW,WRITE,Office,Managed,3,0
EMP356,1,finance_report.xlsx,HIGH,DOWNLOAD,VPN,Personal,443,1
EMP281,13,payroll.xlsx,CRITICAL,WRITE,Remote,Managed,7,0
EMP254,5,payroll.xlsx,CRITICAL,DOWNLOAD,VPN,Managed,447,1
EMP421,14,payroll.xlsx,CRITICAL,UPLOAD,Office,Managed,19,0
EMP478,15,payroll.xlsx,CRITICAL,READ,Office,Managed,30,0
EMP180,16,employee_handbook.pdf,LOW,READ,Remote,Managed,26,0
EMP201,1,payroll.xlsx,CRITICAL,DOWNLOAD,VPN,Personal,316,1
EMP397,12,project_plan.xlsx,MEDIUM,READ,Office,Managed,7,0
EMP342,14,project_plan.xlsx,MEDIUM,READ,Office,Managed,7,0
EMP290,15,finance_report.xlsx,HIGH,READ,Office,Managed,25,0
EMP051,15,payroll.xlsx,CRITICAL,WRITE,Remote,Managed,23,0
EMP064,13,project_plan.xlsx,MEDIUM,READ,Office,Managed,13,0
EMP303,12,payroll.xlsx,CRITICAL,READ,Office,Managed,1,0
EMP383,8,project_plan.xlsx,MEDIUM,READ,Office,Managed,22,0
EMP411,18,finance_report.xlsx,HIGH,DOWNLOAD,Remote,Managed,26,0
EMP233,18,project_plan.xlsx,MEDIUM,READ,Office,Personal,28,0
EMP029,18,finance_report.xlsx,HIGH,READ,Office,Managed,14,0
EMP250,8,payroll.xlsx,CRITICAL,READ,Office,Managed,17,0
EMP180,12,finance_report.xlsx,HIGH,DOWNLOAD,Remote,Managed,22,0
EMP240,16,finance_report.xlsx,HIGH,UPLOAD,Office,Managed,23,0
EMP320,0,finance_report.xlsx,HIGH,DOWNLOAD,VPN,Personal,292,1
EMP087,18,payroll.xlsx,CRITICAL,READ,Office,Managed,11,0
EMP001,16,employee_handbook.pdf,LOW,DOWNLOAD,Remote,Managed,16,0
EMP055,11,finance_report.xlsx,HIGH,READ,Office,Managed,23,0
EMP011,14,salary.xlsx,CRITICAL,DOWNLOAD,Office,Managed,12,0
EMP336,12,finance_report.xlsx,HIGH,WRITE,Office,Managed,9,0
EMP265,0,payroll.xlsx,CRITICAL,DOWNLOAD,VPN,Personal,472,1
EMP203,12,payroll.xlsx,CRITICAL,DELETE,Remote,Personal,24,0
EMP132,16,finance_report.xlsx,HIGH,WRITE,Office,Managed,25,0
EMP473,18,project_plan.xlsx,MEDIUM,READ,Office,Managed,5,0
EMP440,10,project_plan.xlsx,MEDIUM,DELETE,Office,Managed,21,0
EMP409,14,team_notes.docx,LOW,WRITE,Office,Managed,13,0
EMP176,11,team_notes.docx,LOW,READ,Office,Managed,20,0
EMP229,11,payroll.xlsx,CRITICAL,SHARE,Office,Personal,16,0
EMP015,15,team_notes.docx,LOW,DELETE,Office,Managed,3,0
EMP048,15,payroll.xlsx,CRITICAL,WRITE,Office,Managed,26,0
EMP490,16,salary.xlsx,CRITICAL,READ,Office,Managed,2,0
EMP126,15,employee_handbook.pdf,LOW,WRITE,Remote,Managed,29,0
EMP158,3,salary.xlsx,CRITICAL,WRITE,VPN,Managed,344,1
EMP027,18,salary.xlsx,CRITICAL,WRITE,Office,Managed,19,0
EMP352,15,salary.xlsx,CRITICAL,DOWNLOAD,Office,Managed,25,0
EMP038,8,finance_report.xlsx,HIGH,READ,Office,Managed,11,0
EMP328,17,finance_report.xlsx,HIGH,READ,Office,Personal,20,0
EMP002,12,salary.xlsx,CRITICAL,DOWNLOAD,Office,Managed,9,0
EMP376,12,salary.xlsx,CRITICAL,READ,Office,Managed,12,0
EMP272,13,salary.xlsx,CRITICAL,READ,Remote,Managed,23,0
EMP148,14,payroll.xlsx,CRITICAL,WRITE,Office,Managed,20,0
EMP057,18,team_notes.docx,LOW,DOWNLOAD,Office,Managed,26,0
EMP362,3,finance_report.xlsx,HIGH,DOWNLOAD,VPN,Managed,156,1
EMP099,8,payroll.xlsx,CRITICAL,WRITE,Office,Managed,29,0
EMP138,14,project_plan.xlsx,MEDIUM,WRITE,Office,Managed,30,0
